"value","long","lat","Site.detection.cov","Visit.detection.cov"
14,-98.54,38.58,0.0922972783446312,0.401209900621325
3,-97.22,39.86,0.869462313130498,0.447086852276698
2,-95.98,41.9,0.825781406834722,0.34026647801511
5,-98.18,39.9,0.361577961361036,0.453688096953556
11,-97.7,41.02,0.45034696534276,0.22371625714004
14,-96.82,38.86,0.876194586977363,0.0626093558967113
3,-98.22,39.22,0.467897357651964,0.950367353856564
3,-96.98,40.14,0.877843257039785,0.72197790723294
8,-97.14,40.5,0.111744198482484,0.222870445344597
6,-97.9,38.9,0.98729644343257,0.0823466903530061
2,-95.5,39.78,0.161513017490506,0.23714173049666
8,-98.74,41.3,0.953707945998758,0.290032643591985
9,-95.06,40.14,0.565351553959772,0.677846280857921
11,-98.54,40.82,0.226930506527424,0.446442338638008
7,-97.26,41.98,0.291072899941355,0.794473971240222
13,-98.98,38.98,0.845616894075647,0.0245250479783863
7,-97.82,39.82,0.358274039579555,0.751851809443906
2,-98.94,38.9,0.436930355150253,0.887791621265933
10,-96.5,39.02,0.737151495181024,0.101963258814067
7,-97.9,39.86,0.637092850636691,0.601572429062799
5,-95.78,40.18,0.671710359165445,0.90435979841277
3,-98.62,40.3,0.594158973312005,0.776727034244686
12,-96.46,38.58,0.935174449812621,0.176812840858474
2,-96.74,39.62,0.684560177847743,0.174535217927769
3,-97.34,41.26,0.394383411854506,0.725997269153595
6,-97.34,38.86,0.212160911643878,0.0917620123364031
6,-98.3,41.58,0.774325212929398,0.0251323527190834
8,-95.18,38.26,0.729227836243808,0.583745913347229
1,-95.02,39.7,0.638030271511525,0.651501282583922
5,-96.14,41.74,0.492422927636653,0.462101371958852
9,-97.98,40.42,0.846590101020411,0.981135093141347
8,-97.54,38.22,0.613699929555878,0.0296995274256915
7,-97.86,39.18,0.22878126683645,0.41888368409127
3,-98.26,38.94,0.792159004602581,0.806960906134918
1,-97.9,41.14,0.710310861701146,0.226813650690019
2,-97.1,40.06,0.775060694664717,0.810678108828142
5,-98.42,39.54,0.860069689340889,0.710769832832739
6,-95.46,39.58,0.414749753894284,0.13544432609342
11,-96.58,38.02,0.171111154602841,0.20605730265379
12,-98.9,38.46,0.810589282074943,0.374965469818562
3,-98.74,40.86,0.67966168676503,0.369113901164383
5,-95.02,41.58,0.168070476269349,0.81144792586565
7,-96.54,39.78,0.822400139877573,0.939771987963468
2,-95.46,41.26,0.677411461481825,0.902327076531947
2,-98.74,38.38,0.601005685282871,0.578080885577947
5,-98.06,39.22,0.158482398372144,0.180052544223145
5,-95.98,39.22,0.837030043127015,0.468101844191551
5,-96.18,41.7,0.197253925725818,0.516166623216122
5,-97.7,40.18,0.56842500041239,0.237488664221019
3,-98.98,41.7,0.890231888741255,0.27778732473962
6,-95.9,39.86,0.131727646337822,0.370657339924946
6,-97.38,40.58,0.221941925119609,0.571315983077511
6,-98.58,41.26,0.828119119396433,0.0516951105091721
6,-95.42,38.78,0.314986751647666,0.92528680106625
3,-98.1,40.58,0.953777993097901,0.844037911621854
2,-95.1,39.86,0.954014454036951,0.129125698003918
6,-98.1,39.38,0.798891093349084,0.760000340407714
0,-97.74,41.58,0.241784483194351,0.143050056416541
6,-98.1,40.9,0.734734969912097,0.706091225612909
5,-95.9,41.62,0.195202161325142,0.201824721647426
8,-97.9,40.38,0.455087676877156,0.672259265324101
7,-98.14,40.58,0.0298175581265241,0.43393034581095
8,-96.18,39.74,0.685139413923025,0.664098762674257
10,-95.7,38.5,0.647601837525144,0.478224624413997
4,-95.46,38.86,0.504924305016175,0.133717700606212
5,-95.5,40.38,0.851685452740639,0.0140082167927176
6,-96.98,38.06,0.384865382220596,0.957367894472554
6,-96.54,41.02,0.0309249858837575,0.108883635606617
10,-97.66,41.26,0.281006515957415,0.781536629190668
4,-97.22,38.98,0.99115855852142,0.0712674264796078
2,-96.94,41.82,0.635077329818159,0.960849312832579
5,-96.22,41.3,0.47752281348221,0.486820376478136
10,-97.5,39.98,0.709083474474028,0.335917326388881
4,-98.34,40.46,0.424232106190175,0.697060371283442
4,-95.62,38.98,0.0545656210742891,0.884099089540541
5,-98.9,41.94,0.773494086228311,0.0156770786270499
6,-95.3,40.34,0.276176267536357,0.031605810392648
5,-97.78,41.62,0.218821612885222,0.0716901703272015
1,-95.06,40.34,0.8616136694327,0.197393087204546
11,-95.94,38.58,0.174932059599087,0.470924493391067
6,-98.78,39.98,0.164712010882795,0.591329779010266
5,-98.18,41.1,0.214296709978953,0.875331324059516
9,-98.18,38.58,0.872110935626552,0.7339156717062
12,-97.42,41.46,0.886637133080512,0.194034863961861
4,-95.58,40.5,0.962134392699227,0.660299288574606
2,-96.94,39.74,0.348137569613755,0.709655561018735
6,-95.54,38.66,0.674421527655795,0.462562085827813
4,-98.3,38.58,0.977149248123169,0.00180934811942279
3,-96.42,41.74,0.181509297341108,0.74698056303896
4,-98.78,38.5,0.473777435719967,0.761874830815941
6,-96.66,40.14,0.368533515138552,0.271108465734869
7,-98.82,39.62,0.534926088526845,0.755097129615024
7,-98.66,40.94,0.593369819456711,0.60717391083017
3,-95.7,40.5,0.240661263465881,0.0578752248547971
5,-98.42,40.7,0.469738381449133,0.573136302875355
3,-97.26,40.86,0.277998589212075,0.475389674538746
4,-98.66,38.46,0.261072634719312,0.973868741188198
2,-96.02,40.86,0.810163129121065,0.920851974049583
6,-97.22,39.82,0.35452588275075,0.774528274778277
2,-95.66,38.7,0.100921826669946,0.958958829054609
6,-98.66,39.7,0.925361540168524,0.789203327149153
6,-98.18,40.94,0.772045665653422,0.0246524699032307
3,-98.06,41.14,0.303259673528373,0.463535511633381
3,-95.3,39.26,0.622294241795316,0.311961686238647
6,-96.7,39.38,0.730818585725501,0.498248402029276
9,-96.3,38.58,0.114821644034237,0.935678407782689
6,-98.62,40.82,0.894725329708308,0.871572990203276
10,-95.66,39.5,0.350143910385668,0.126045862911269
8,-95.02,40.86,0.376063209027052,0.924657011171803
4,-96.78,39.14,0.212389802793041,0.49456179747358
5,-96.46,38.42,0.42117438884452,0.816678976640105
14,-97.54,39.82,0.904056967701763,0.527565773809329
8,-95.82,39.94,0.309824087424204,0.817833320237696
9,-97.5,41.3,0.0785270740743726,0.675028055440634
8,-96.22,38.1,0.518328638747334,0.375518288929015
5,-98.1,39.58,0.273349207825959,0.424270013347268
5,-95.18,40.38,0.415103665087372,0.0187510324176401
7,-97.14,41.3,0.285162084270269,0.727814356796443
7,-97.18,41.22,0.896738779498264,0.145558874122798
4,-97.34,39.42,0.00798938190564513,0.840596921974793
4,-97.5,41.78,0.106913727708161,0.795501394430175
7,-97.22,38.66,0.581934704678133,0.411608594469726
4,-98.22,38.26,0.345871038036421,0.472134538926184
4,-98.82,39.06,0.845442979596555,0.967295585433021
8,-97.26,40.7,0.716791350161657,0.457037709420547
9,-97.62,41.78,0.773276626830921,0.139791297027841
4,-96.42,40.58,0.909307492198423,0.322246271651238
5,-97.66,38.74,0.988167038420215,0.436303864000365
3,-97.82,38.14,0.282282242784277,0.64553635311313
2,-97.82,39.02,0.39170570904389,0.911492383573204
5,-95.38,38.5,0.629016771214083,0.747439609374851
6,-97.42,39.02,0.593382967403159,0.885504140518606
7,-96.5,40.94,0.825826982036233,0.785315916873515
1,-98.3,40.98,0.345880473265424,0.979287095135078
8,-96.94,40.66,0.356579902581871,0.944069640478119
9,-97.1,39.26,0.151963206473738,0.00577999977394938
4,-97.62,41.46,0.963584457989782,0.164930613944307
2,-96.42,41.82,0.532288523158059,0.738886169157922
7,-97.3,38.22,0.575727554736659,0.86653701798059
5,-97.74,39.42,0.872896681539714,0.260376184713095
6,-97.82,40.46,0.773701888741925,0.410401405999437
6,-96.3,40.02,0.238816079217941,0.819697411498055
6,-96.74,41.66,0.815459235105664,0.366478735813871
6,-96.74,38.58,0.541676866589114,0.394876285921782
3,-98.86,41.42,0.0765182659961283,0.323546709492803
8,-98.3,39.38,0.494775980943814,0.374268841696903
1,-95.86,41.18,0.954794160556048,0.96816381928511
6,-96.9,38.66,0.341280270367861,0.502358524128795
4,-95.14,38.7,0.322703366633505,0.390587269095704
7,-97.58,41.58,0.401013994589448,0.809632215416059
10,-97.06,41.78,0.821116206701845,0.879870881792158
4,-97.98,38.86,0.141754374839365,0.105924123199657
11,-98.78,39.9,0.308318645926192,0.923577461391687
8,-97.46,38.66,0.208612194983289,0.205494614783674
5,-95.82,40.58,0.988159674219787,0.139578761765733
4,-96.34,38.58,0.500631930539384,0.342421435751021
3,-98.66,41.3,0.894067937741056,0.497445576358587
4,-96.3,40.74,0.346335720503703,0.813270543934777
2,-95.22,38.74,0.694575406378135,0.661626224173233
2,-95.5,39.22,0.964535283623263,0.725467208772898
9,-98.7,41.54,0.270852871472016,0.724601543275639
6,-98.86,39.5,0.886176947504282,0.46306483168155
5,-98.62,41.7,0.197334581753239,0.581181443762034
6,-95.38,40.54,0.270680216606706,0.251676038140431
7,-97.18,39.02,0.132254211232066,0.824724258389324
2,-97.3,40.22,0.85136097879149,0.0582995577715337
5,-95.18,41.66,0.964161361102015,0.570176806300879
13,-97.98,39.26,0.480238358024508,0.0709320639725775
4,-98.66,40.34,0.118636059109122,0.728637887397781
2,-96.58,39.54,0.344901417382061,0.954009237932041
6,-96.14,41.86,0.363004819257185,0.401065975660458
8,-95.9,41.54,0.46035522245802,0.0503033718559891
13,-95.7,38.18,0.183131660567597,0.912251938367262
2,-95.42,41.54,0.804939722875133,0.499280312098563
7,-97.02,41.5,0.246153822634369,0.811533419415355
3,-98.94,38.82,0.999343007802963,0.850085329497233
9,-95.02,40.7,0.790148814674467,0.291264838073403
4,-95.02,38.22,0.833506329450756,0.384592886548489
0,-96.06,38.54,0.244471344631165,0.185805552639067
3,-95.26,39.54,0.922093380941078,0.247352905105799
5,-97.66,40.78,0.761137218913063,0.14709031325765
5,-95.58,41.18,0.115203966153786,0.422151901992038
8,-95.1,40.66,0.4658888715785,0.10973507585004
4,-97.7,38.98,0.684643527958542,0.925839964300394
3,-97.98,39.54,0.399745602859184,0.0811467389576137
5,-96.46,40.46,0.204134928062558,0.158145785331726
15,-98.3,41.1,0.199624369386584,0.102504362585023
3,-97.26,38.18,0.113774039782584,0.363107823533937
7,-95.06,40.54,0.0591797574888915,0.453460613964126
4,-97.42,40.74,0.120105397189036,0.711021183058619
6,-97.74,38.78,0.0949160873424262,0.683856231393293
8,-96.42,40.9,0.935908263316378,0.285760455997661
9,-97.18,41.3,0.114093539305031,0.18941809493117
5,-97.78,39.34,0.49091056198813,0.57749380916357
7,-96.66,41.22,0.741133954608813,0.0494418686721474
1,-98.66,39.42,0.799166333628818,0.706600116798654
5,-96.74,39.18,0.352293799631298,0.785341316368431
9,-96.82,40.62,0.175452439347282,0.509898882359266
6,-97.5,38.1,0.550650771707296,0.842634377768263
10,-95.58,40.86,0.275044091278687,0.967565330211073
14,-98.54,38.58,0.0922972783446312,0.817529427586123
3,-97.22,39.86,0.869462313130498,0.458501936635002
2,-95.98,41.9,0.825781406834722,0.404039062093943
6,-98.18,39.9,0.361577961361036,0.594802740262821
8,-97.7,41.02,0.45034696534276,0.343399964971468
14,-96.82,38.86,0.876194586977363,0.782386751612648
3,-98.22,39.22,0.467897357651964,0.855815818998963
3,-96.98,40.14,0.877843257039785,0.73904626397416
8,-97.14,40.5,0.111744198482484,0.403005973435938
6,-97.9,38.9,0.98729644343257,0.693997248774394
2,-95.5,39.78,0.161513017490506,0.265444155083969
8,-98.74,41.3,0.953707945998758,0.148631345713511
9,-95.06,40.14,0.565351553959772,0.724580213893205
9,-98.54,40.82,0.226930506527424,0.126507933018729
6,-97.26,41.98,0.291072899941355,0.108309877337888
13,-98.98,38.98,0.845616894075647,0.354830095311627
8,-97.82,39.82,0.358274039579555,0.116306797601283
2,-98.94,38.9,0.436930355150253,0.938794957008213
9,-96.5,39.02,0.737151495181024,0.0849661747924984
7,-97.9,39.86,0.637092850636691,0.868678573984653
5,-95.78,40.18,0.671710359165445,0.829339150572196
3,-98.62,40.3,0.594158973312005,0.818989538354799
13,-96.46,38.58,0.935174449812621,0.310216696700081
2,-96.74,39.62,0.684560177847743,0.687552314717323
3,-97.34,41.26,0.394383411854506,0.513230230659246
7,-97.34,38.86,0.212160911643878,0.39415524317883
6,-98.3,41.58,0.774325212929398,0.483711634064093
8,-95.18,38.26,0.729227836243808,0.531995177967474
2,-95.02,39.7,0.638030271511525,0.597701144870371
6,-96.14,41.74,0.492422927636653,0.138094336958602
9,-97.98,40.42,0.846590101020411,0.0633921807166189
8,-97.54,38.22,0.613699929555878,0.590392005397007
6,-97.86,39.18,0.22878126683645,0.818560821004212
3,-98.26,38.94,0.792159004602581,0.158642649184912
1,-97.9,41.14,0.710310861701146,0.490454628830776
2,-97.1,40.06,0.775060694664717,0.837515027960762
5,-98.42,39.54,0.860069689340889,0.988448404939845
5,-95.46,39.58,0.414749753894284,0.325405483599752
9,-96.58,38.02,0.171111154602841,0.721914782421663
12,-98.9,38.46,0.810589282074943,0.236207571811974
3,-98.74,40.86,0.67966168676503,0.0616636641789228
3,-95.02,41.58,0.168070476269349,0.51491710729897
7,-96.54,39.78,0.822400139877573,0.763588278088719
2,-95.46,41.26,0.677411461481825,0.789684726856649
2,-98.74,38.38,0.601005685282871,0.947031009709463
5,-98.06,39.22,0.158482398372144,0.478878981433809
5,-95.98,39.22,0.837030043127015,0.619255400029942
4,-96.18,41.7,0.197253925725818,0.0159457237459719
4,-97.7,40.18,0.56842500041239,0.300072456244379
3,-98.98,41.7,0.890231888741255,0.808368543628603
6,-95.9,39.86,0.131727646337822,0.432767772348598
6,-97.38,40.58,0.221941925119609,0.139509015483782
6,-98.58,41.26,0.828119119396433,0.502799733774737
6,-95.42,38.78,0.314986751647666,0.463132754666731
3,-98.1,40.58,0.953777993097901,0.622035142267123
2,-95.1,39.86,0.954014454036951,0.633586971787736
6,-98.1,39.38,0.798891093349084,0.229952747467905
0,-97.74,41.58,0.241784483194351,0.394449149956927
6,-98.1,40.9,0.734734969912097,0.0241945879533887
4,-95.9,41.62,0.195202161325142,0.551061312435195
7,-97.9,40.38,0.455087676877156,0.031514760106802
7,-98.14,40.58,0.0298175581265241,0.718076329212636
8,-96.18,39.74,0.685139413923025,0.568887131521478
11,-95.7,38.5,0.647601837525144,0.34731159126386
4,-95.46,38.86,0.504924305016175,0.00569452764466405
5,-95.5,40.38,0.851685452740639,0.0875666467472911
6,-96.98,38.06,0.384865382220596,0.36127177788876
6,-96.54,41.02,0.0309249858837575,0.734483515378088
10,-97.66,41.26,0.281006515957415,0.125074742129073
4,-97.22,38.98,0.99115855852142,0.388643332524225
3,-96.94,41.82,0.635077329818159,0.0160708990879357
5,-96.22,41.3,0.47752281348221,0.0891799498349428
10,-97.5,39.98,0.709083474474028,0.173280617687851
4,-98.34,40.46,0.424232106190175,0.747153703123331
3,-95.62,38.98,0.0545656210742891,0.61223652982153
5,-98.9,41.94,0.773494086228311,0.215164423221722
5,-95.3,40.34,0.276176267536357,0.674950881162658
4,-97.78,41.62,0.218821612885222,0.680885425303131
1,-95.06,40.34,0.8616136694327,0.285576539579779
9,-95.94,38.58,0.174932059599087,0.170842385618016
5,-98.78,39.98,0.164712010882795,0.83852599398233
6,-98.18,41.1,0.214296709978953,0.644416804192588
8,-98.18,38.58,0.872110935626552,0.487512170337141
13,-97.42,41.46,0.886637133080512,0.609295472735539
4,-95.58,40.5,0.962134392699227,0.0714150569401681
3,-96.94,39.74,0.348137569613755,0.49658467550762
6,-95.54,38.66,0.674421527655795,0.0873197938781232
4,-98.3,38.58,0.977149248123169,0.665181754855439
4,-96.42,41.74,0.181509297341108,0.565065779024735
4,-98.78,38.5,0.473777435719967,0.385795777896419
7,-96.66,40.14,0.368533515138552,0.622952783945948
7,-98.82,39.62,0.534926088526845,0.0728375988546759
6,-98.66,40.94,0.593369819456711,0.235281315632164
3,-95.7,40.5,0.240661263465881,0.145988116972148
6,-98.42,40.7,0.469738381449133,0.491846578661352
4,-97.26,40.86,0.277998589212075,0.830320420442149
4,-98.66,38.46,0.261072634719312,0.503111071651801
2,-96.02,40.86,0.810163129121065,0.468845976749435
6,-97.22,39.82,0.35452588275075,0.507824993226677
1,-95.66,38.7,0.100921826669946,0.128047698177397
7,-98.66,39.7,0.925361540168524,0.604261299828067
6,-98.18,40.94,0.772045665653422,0.50519458251074
4,-98.06,41.14,0.303259673528373,0.963067919248715
3,-95.3,39.26,0.622294241795316,0.557179040508345
7,-96.7,39.38,0.730818585725501,0.633140673395246
6,-96.3,38.58,0.114821644034237,0.970032377634197
6,-98.62,40.82,0.894725329708308,0.468016553437337
11,-95.66,39.5,0.350143910385668,0.379525370895863
7,-95.02,40.86,0.376063209027052,0.493704000720754
5,-96.78,39.14,0.212389802793041,0.891913684783503
4,-96.46,38.42,0.42117438884452,0.728337343316525
14,-97.54,39.82,0.904056967701763,0.285987242124975
10,-95.82,39.94,0.309824087424204,0.412036425434053
9,-97.5,41.3,0.0785270740743726,0.676486285636202
8,-96.22,38.1,0.518328638747334,0.589913449948654
5,-98.1,39.58,0.273349207825959,0.0154479192569852
5,-95.18,40.38,0.415103665087372,0.769347072811797
6,-97.14,41.3,0.285162084270269,0.473325489554554
7,-97.18,41.22,0.896738779498264,0.372809175634757
4,-97.34,39.42,0.00798938190564513,0.182907409034669
3,-97.5,41.78,0.106913727708161,0.910611888160929
7,-97.22,38.66,0.581934704678133,0.949198707938194
5,-98.22,38.26,0.345871038036421,0.538959421217442
4,-98.82,39.06,0.845442979596555,0.991634511156008
8,-97.26,40.7,0.716791350161657,0.406741656828672
9,-97.62,41.78,0.773276626830921,0.827450521988794
4,-96.42,40.58,0.909307492198423,0.948426548391581
5,-97.66,38.74,0.988167038420215,0.0947844728361815
3,-97.82,38.14,0.282282242784277,0.0570731400512159
2,-97.82,39.02,0.39170570904389,0.955597412306815
5,-95.38,38.5,0.629016771214083,0.244236370082945
6,-97.42,39.02,0.593382967403159,0.0769382296130061
7,-96.5,40.94,0.825826982036233,0.50382313458249
2,-98.3,40.98,0.345880473265424,0.175304468022659
7,-96.94,40.66,0.356579902581871,0.0497567327693105
9,-97.1,39.26,0.151963206473738,0.222798079485074
4,-97.62,41.46,0.963584457989782,0.285917786415666
2,-96.42,41.82,0.532288523158059,0.276585181709379
6,-97.3,38.22,0.575727554736659,0.636182235553861
5,-97.74,39.42,0.872896681539714,0.847147533902898
6,-97.82,40.46,0.773701888741925,0.326272681588307
6,-96.3,40.02,0.238816079217941,0.583278860198334
6,-96.74,41.66,0.815459235105664,0.140869548777118
6,-96.74,38.58,0.541676866589114,0.821972421603277
6,-98.86,41.42,0.0765182659961283,0.212514915503561
8,-98.3,39.38,0.494775980943814,0.926132864318788
1,-95.86,41.18,0.954794160556048,0.836405264679343
6,-96.9,38.66,0.341280270367861,0.819912912556902
4,-95.14,38.7,0.322703366633505,0.810951960738748
7,-97.58,41.58,0.401013994589448,0.452970480080694
10,-97.06,41.78,0.821116206701845,0.0146343559026718
6,-97.98,38.86,0.141754374839365,0.0582162018399686
11,-98.78,39.9,0.308318645926192,0.864599845604971
7,-97.46,38.66,0.208612194983289,0.976667439099401
5,-95.82,40.58,0.988159674219787,0.66608703113161
5,-96.34,38.58,0.500631930539384,0.226817811606452
3,-98.66,41.3,0.894067937741056,0.519633865682408
5,-96.3,40.74,0.346335720503703,0.490015851799399
2,-95.22,38.74,0.694575406378135,0.850831979187205
2,-95.5,39.22,0.964535283623263,0.714902678737417
7,-98.7,41.54,0.270852871472016,0.664677253458649
6,-98.86,39.5,0.886176947504282,0.81325158663094
5,-98.62,41.7,0.197334581753239,0.590479829348624
6,-95.38,40.54,0.270680216606706,0.955516102723777
6,-97.18,39.02,0.132254211232066,0.886926977429539
2,-97.3,40.22,0.85136097879149,0.793442810885608
6,-95.18,41.66,0.964161361102015,0.204478359082714
14,-97.98,39.26,0.480238358024508,0.415046317502856
6,-98.66,40.34,0.118636059109122,0.304935545660555
2,-96.58,39.54,0.344901417382061,0.161524844821543
6,-96.14,41.86,0.363004819257185,0.606854002689943
8,-95.9,41.54,0.46035522245802,0.0243886893149465
12,-95.7,38.18,0.183131660567597,0.0482128267176449
2,-95.42,41.54,0.804939722875133,0.0226271999999881
9,-97.02,41.5,0.246153822634369,0.549374312860891
3,-98.94,38.82,0.999343007802963,0.907201099209487
9,-95.02,40.7,0.790148814674467,0.0671556410379708
4,-95.02,38.22,0.833506329450756,0.928836773149669
0,-96.06,38.54,0.244471344631165,0.246148061007261
3,-95.26,39.54,0.922093380941078,0.164069323800504
6,-97.66,40.78,0.761137218913063,0.765964046586305
4,-95.58,41.18,0.115203966153786,0.873088109539822
7,-95.1,40.66,0.4658888715785,0.973729645833373
4,-97.7,38.98,0.684643527958542,0.850900725461543
3,-97.98,39.54,0.399745602859184,0.886832701740786
5,-96.46,40.46,0.204134928062558,0.495725095737725
13,-98.3,41.1,0.199624369386584,0.516201108926907
4,-97.26,38.18,0.113774039782584,0.49420735030435
8,-95.06,40.54,0.0591797574888915,0.356295711593702
3,-97.42,40.74,0.120105397189036,0.855912320781499
6,-97.74,38.78,0.0949160873424262,0.171509388834238
8,-96.42,40.9,0.935908263316378,0.736091668950394
9,-97.18,41.3,0.114093539305031,0.13457707175985
6,-97.78,39.34,0.49091056198813,0.677063801791519
7,-96.66,41.22,0.741133954608813,0.878226432250813
1,-98.66,39.42,0.799166333628818,0.0586681631393731
5,-96.74,39.18,0.352293799631298,0.330265035619959
9,-96.82,40.62,0.175452439347282,0.952138898195699
6,-97.5,38.1,0.550650771707296,0.429312992142513
10,-95.58,40.86,0.275044091278687,0.0379132905509323
14,-98.54,38.58,0.0922972783446312,0.699054125696421
3,-97.22,39.86,0.869462313130498,0.0298480133060366
2,-95.98,41.9,0.825781406834722,0.762193416710943
7,-98.18,39.9,0.361577961361036,0.448929359903559
11,-97.7,41.02,0.45034696534276,0.692625492345542
14,-96.82,38.86,0.876194586977363,0.56308275857009
3,-98.22,39.22,0.467897357651964,0.344892461085692
3,-96.98,40.14,0.877843257039785,0.101026985794306
9,-97.14,40.5,0.111744198482484,0.357415025122464
5,-97.9,38.9,0.98729644343257,0.324791478691623
2,-95.5,39.78,0.161513017490506,0.746527161216363
8,-98.74,41.3,0.953707945998758,0.454531432595104
9,-95.06,40.14,0.565351553959772,0.69755899393931
10,-98.54,40.82,0.226930506527424,0.343229607446119
6,-97.26,41.98,0.291072899941355,0.422262474428862
12,-98.98,38.98,0.845616894075647,0.849144828738645
6,-97.82,39.82,0.358274039579555,0.985591721720994
2,-98.94,38.9,0.436930355150253,0.850475619314238
10,-96.5,39.02,0.737151495181024,0.285332109313458
7,-97.9,39.86,0.637092850636691,0.0330125037580729
5,-95.78,40.18,0.671710359165445,0.117160739377141
3,-98.62,40.3,0.594158973312005,0.567201319383457
13,-96.46,38.58,0.935174449812621,0.706629255088046
2,-96.74,39.62,0.684560177847743,0.106616200180724
3,-97.34,41.26,0.394383411854506,0.796704107429832
7,-97.34,38.86,0.212160911643878,0.201632562326267
6,-98.3,41.58,0.774325212929398,0.211191171780229
8,-95.18,38.26,0.729227836243808,0.177416823804379
2,-95.02,39.7,0.638030271511525,0.0509349743369967
6,-96.14,41.74,0.492422927636653,0.136973644373938
9,-97.98,40.42,0.846590101020411,0.599573097657412
8,-97.54,38.22,0.613699929555878,0.462927833432332
6,-97.86,39.18,0.22878126683645,0.139185548527166
3,-98.26,38.94,0.792159004602581,0.910652211401612
1,-97.9,41.14,0.710310861701146,0.454433829989284
2,-97.1,40.06,0.775060694664717,0.171528273494914
5,-98.42,39.54,0.860069689340889,0.657768858131021
6,-95.46,39.58,0.414749753894284,0.411010817158967
10,-96.58,38.02,0.171111154602841,0.0993285379372537
12,-98.9,38.46,0.810589282074943,0.484812668291852
3,-98.74,40.86,0.67966168676503,0.929395109880716
4,-95.02,41.58,0.168070476269349,0.479179674992338
7,-96.54,39.78,0.822400139877573,0.158235584618524
2,-95.46,41.26,0.677411461481825,0.414187495131046
2,-98.74,38.38,0.601005685282871,0.499893792206421
4,-98.06,39.22,0.158482398372144,0.877506570890546
5,-95.98,39.22,0.837030043127015,0.927159741753712
5,-96.18,41.7,0.197253925725818,0.86161551089026
5,-97.7,40.18,0.56842500041239,0.379643991356716
3,-98.98,41.7,0.890231888741255,0.981415590737015
7,-95.9,39.86,0.131727646337822,0.355186126660556
5,-97.38,40.58,0.221941925119609,0.154889242956415
6,-98.58,41.26,0.828119119396433,0.619427956873551
4,-95.42,38.78,0.314986751647666,0.00983694777823985
3,-98.1,40.58,0.953777993097901,0.169669568073004
2,-95.1,39.86,0.954014454036951,0.694756888085976
6,-98.1,39.38,0.798891093349084,0.817390743177384
0,-97.74,41.58,0.241784483194351,0.10868766438216
6,-98.1,40.9,0.734734969912097,0.376975263468921
4,-95.9,41.62,0.195202161325142,0.763173261890188
6,-97.9,40.38,0.455087676877156,0.648269362282008
6,-98.14,40.58,0.0298175581265241,0.568573181284592
8,-96.18,39.74,0.685139413923025,0.78804053296335
11,-95.7,38.5,0.647601837525144,0.221339069772512
3,-95.46,38.86,0.504924305016175,0.310550472699106
4,-95.5,40.38,0.851685452740639,0.390197080327198
5,-96.98,38.06,0.384865382220596,0.261542873689905
5,-96.54,41.02,0.0309249858837575,0.54771602503024
11,-97.66,41.26,0.281006515957415,0.62386143556796
4,-97.22,38.98,0.99115855852142,0.843906024005264
3,-96.94,41.82,0.635077329818159,0.144292632350698
5,-96.22,41.3,0.47752281348221,0.0219470523297787
10,-97.5,39.98,0.709083474474028,0.509311039466411
4,-98.34,40.46,0.424232106190175,0.425018637208268
4,-95.62,38.98,0.0545656210742891,0.644394231494516
5,-98.9,41.94,0.773494086228311,0.522863188525662
6,-95.3,40.34,0.276176267536357,0.547426689183339
5,-97.78,41.62,0.218821612885222,0.165174691006541
1,-95.06,40.34,0.8616136694327,0.602712302235886
9,-95.94,38.58,0.174932059599087,0.847008065786213
5,-98.78,39.98,0.164712010882795,0.0728787744883448
6,-98.18,41.1,0.214296709978953,0.822441502241418
9,-98.18,38.58,0.872110935626552,0.68721024482511
13,-97.42,41.46,0.886637133080512,0.1845008272212
4,-95.58,40.5,0.962134392699227,0.462426282698289
3,-96.94,39.74,0.348137569613755,0.0899072154425085
6,-95.54,38.66,0.674421527655795,0.0436980768572539
4,-98.3,38.58,0.977149248123169,0.293135049752891
2,-96.42,41.74,0.181509297341108,0.53030872438103
4,-98.78,38.5,0.473777435719967,0.37177095329389
6,-96.66,40.14,0.368533515138552,0.864489443367347
7,-98.82,39.62,0.534926088526845,0.497860110597685
7,-98.66,40.94,0.593369819456711,0.870201951824129
3,-95.7,40.5,0.240661263465881,0.499125479953364
6,-98.42,40.7,0.469738381449133,0.855561223579571
3,-97.26,40.86,0.277998589212075,0.64710772014223
4,-98.66,38.46,0.261072634719312,0.388179142726585
2,-96.02,40.86,0.810163129121065,0.786406788276508
6,-97.22,39.82,0.35452588275075,0.411547439638525
1,-95.66,38.7,0.100921826669946,0.960403087316081
7,-98.66,39.7,0.925361540168524,0.0522423041984439
6,-98.18,40.94,0.772045665653422,0.932631354080513
4,-98.06,41.14,0.303259673528373,0.47255493584089
3,-95.3,39.26,0.622294241795316,0.660948284436017
8,-96.7,39.38,0.730818585725501,0.754378320882097
9,-96.3,38.58,0.114821644034237,0.479622073238716
7,-98.62,40.82,0.894725329708308,0.159946982515976
10,-95.66,39.5,0.350143910385668,0.0868132209870964
7,-95.02,40.86,0.376063209027052,0.191779857734218
5,-96.78,39.14,0.212389802793041,0.234710953896865
5,-96.46,38.42,0.42117438884452,0.466599912382662
14,-97.54,39.82,0.904056967701763,0.522795459721237
10,-95.82,39.94,0.309824087424204,0.712906640721485
9,-97.5,41.3,0.0785270740743726,0.818309659836814
8,-96.22,38.1,0.518328638747334,0.209669914562255
6,-98.1,39.58,0.273349207825959,0.183610580861568
5,-95.18,40.38,0.415103665087372,0.747462784172967
6,-97.14,41.3,0.285162084270269,0.502592984121293
6,-97.18,41.22,0.896738779498264,0.513059520162642
3,-97.34,39.42,0.00798938190564513,0.0297239178325981
4,-97.5,41.78,0.106913727708161,0.8066362044774
7,-97.22,38.66,0.581934704678133,0.82038408704102
5,-98.22,38.26,0.345871038036421,0.51387653243728
4,-98.82,39.06,0.845442979596555,0.662615081295371
8,-97.26,40.7,0.716791350161657,0.10702615021728
9,-97.62,41.78,0.773276626830921,0.712097878800705
4,-96.42,40.58,0.909307492198423,0.836660908535123
5,-97.66,38.74,0.988167038420215,0.781723623396829
3,-97.82,38.14,0.282282242784277,0.691289668902755
2,-97.82,39.02,0.39170570904389,0.733097940916196
4,-95.38,38.5,0.629016771214083,0.744157997425646
6,-97.42,39.02,0.593382967403159,0.420546658569947
7,-96.5,40.94,0.825826982036233,0.190238298615441
2,-98.3,40.98,0.345880473265424,0.694952203193679
6,-96.94,40.66,0.356579902581871,0.0641327612102032
10,-97.1,39.26,0.151963206473738,0.928472824161872
4,-97.62,41.46,0.963584457989782,0.307743762386963
2,-96.42,41.82,0.532288523158059,0.357076283544302
7,-97.3,38.22,0.575727554736659,0.0641080834902823
5,-97.74,39.42,0.872896681539714,0.609953065635636
6,-97.82,40.46,0.773701888741925,0.602165362332016
6,-96.3,40.02,0.238816079217941,0.671590646961704
6,-96.74,41.66,0.815459235105664,0.707714064745232
6,-96.74,38.58,0.541676866589114,0.762519512558356
5,-98.86,41.42,0.0765182659961283,0.694836941082031
9,-98.3,39.38,0.494775980943814,0.576144737191498
1,-95.86,41.18,0.954794160556048,0.62824480747804
6,-96.9,38.66,0.341280270367861,0.62883137119934
4,-95.14,38.7,0.322703366633505,0.0087499818764627
7,-97.58,41.58,0.401013994589448,0.616165989544243
10,-97.06,41.78,0.821116206701845,0.00690679880790412
6,-97.98,38.86,0.141754374839365,0.80429233238101
11,-98.78,39.9,0.308318645926192,0.879545573610812
8,-97.46,38.66,0.208612194983289,0.100785793736577
5,-95.82,40.58,0.988159674219787,0.429915092652664
5,-96.34,38.58,0.500631930539384,0.40095200506039
3,-98.66,41.3,0.894067937741056,0.801379255019128
5,-96.3,40.74,0.346335720503703,0.648124927422032
2,-95.22,38.74,0.694575406378135,0.177243169862777
2,-95.5,39.22,0.964535283623263,0.442404672270641
8,-98.7,41.54,0.270852871472016,0.871093148365617
6,-98.86,39.5,0.886176947504282,0.837357755284756
5,-98.62,41.7,0.197334581753239,0.883687998401001
6,-95.38,40.54,0.270680216606706,0.821217478020117
5,-97.18,39.02,0.132254211232066,0.81254781014286
2,-97.3,40.22,0.85136097879149,0.733203481417149
6,-95.18,41.66,0.964161361102015,0.706784998998046
14,-97.98,39.26,0.480238358024508,0.0721872872672975
4,-98.66,40.34,0.118636059109122,0.119028441142291
2,-96.58,39.54,0.344901417382061,0.278015310876071
6,-96.14,41.86,0.363004819257185,0.822902030311525
8,-95.9,41.54,0.46035522245802,0.18759270501323
13,-95.7,38.18,0.183131660567597,0.697773167397827
2,-95.42,41.54,0.804939722875133,0.728199802804738
7,-97.02,41.5,0.246153822634369,0.948406255571172
3,-98.94,38.82,0.999343007802963,0.363384406082332
9,-95.02,40.7,0.790148814674467,0.0862444001249969
4,-95.02,38.22,0.833506329450756,0.64283538563177
0,-96.06,38.54,0.244471344631165,0.597210466628894
3,-95.26,39.54,0.922093380941078,0.606939038960263
6,-97.66,40.78,0.761137218913063,0.492006198270246
5,-95.58,41.18,0.115203966153786,0.735191369429231
8,-95.1,40.66,0.4658888715785,0.772645940305665
4,-97.7,38.98,0.684643527958542,0.331315841292962
3,-97.98,39.54,0.399745602859184,0.247690073680133
5,-96.46,40.46,0.204134928062558,0.817277409369126
16,-98.3,41.1,0.199624369386584,0.647322718519717
4,-97.26,38.18,0.113774039782584,0.418962511001155
8,-95.06,40.54,0.0591797574888915,0.262515097856522
3,-97.42,40.74,0.120105397189036,0.763057627249509
4,-97.74,38.78,0.0949160873424262,0.301365334540606
8,-96.42,40.9,0.935908263316378,0.000589479226619005
10,-97.18,41.3,0.114093539305031,0.448427535127848
6,-97.78,39.34,0.49091056198813,0.437878956319764
6,-96.66,41.22,0.741133954608813,0.685874484013766
1,-98.66,39.42,0.799166333628818,0.267307026544586
5,-96.74,39.18,0.352293799631298,0.812558150617406
9,-96.82,40.62,0.175452439347282,0.866116362856701
5,-97.5,38.1,0.550650771707296,0.130827100016177
9,-95.58,40.86,0.275044091278687,0.112700782949105
13,-98.54,38.58,0.0922972783446312,0.574962456943467
3,-97.22,39.86,0.869462313130498,0.858332823496312
2,-95.98,41.9,0.825781406834722,0.485426612664014
6,-98.18,39.9,0.361577961361036,0.298336752923205
11,-97.7,41.02,0.45034696534276,0.690388476476073
13,-96.82,38.86,0.876194586977363,0.326367691159248
3,-98.22,39.22,0.467897357651964,0.171986011555418
3,-96.98,40.14,0.877843257039785,0.415978762554005
8,-97.14,40.5,0.111744198482484,0.567150391405448
6,-97.9,38.9,0.98729644343257,0.342668482335284
2,-95.5,39.78,0.161513017490506,0.0528905862011015
7,-98.74,41.3,0.953707945998758,0.790613963734359
8,-95.06,40.14,0.565351553959772,0.379127602791414
10,-98.54,40.82,0.226930506527424,0.384900615783408
7,-97.26,41.98,0.291072899941355,0.427365789655596
13,-98.98,38.98,0.845616894075647,0.183238766621798
8,-97.82,39.82,0.358274039579555,0.0558762717992067
2,-98.94,38.9,0.436930355150253,0.615277375094593
10,-96.5,39.02,0.737151495181024,0.595022157300264
7,-97.9,39.86,0.637092850636691,0.505582632729784
5,-95.78,40.18,0.671710359165445,0.43714126595296
3,-98.62,40.3,0.594158973312005,0.813779856311157
13,-96.46,38.58,0.935174449812621,0.0364764742553234
2,-96.74,39.62,0.684560177847743,0.519562452565879
2,-97.34,41.26,0.394383411854506,0.703303830465302
7,-97.34,38.86,0.212160911643878,0.956785154761747
6,-98.3,41.58,0.774325212929398,0.837024472421035
8,-95.18,38.26,0.729227836243808,0.591397039592266
2,-95.02,39.7,0.638030271511525,0.662452417425811
5,-96.14,41.74,0.492422927636653,0.100638013565913
9,-97.98,40.42,0.846590101020411,0.647451815661043
8,-97.54,38.22,0.613699929555878,0.833689323160797
6,-97.86,39.18,0.22878126683645,0.995392014505342
3,-98.26,38.94,0.792159004602581,0.533643349772319
1,-97.9,41.14,0.710310861701146,0.116405531065539
2,-97.1,40.06,0.775060694664717,0.328889223514125
4,-98.42,39.54,0.860069689340889,0.903598699718714
5,-95.46,39.58,0.414749753894284,0.985234349034727
11,-96.58,38.02,0.171111154602841,0.252241581212729
12,-98.9,38.46,0.810589282074943,0.626746583264321
3,-98.74,40.86,0.67966168676503,0.188313900725916
4,-95.02,41.58,0.168070476269349,0.830202823039144
7,-96.54,39.78,0.822400139877573,0.424973688088357
2,-95.46,41.26,0.677411461481825,0.692433944204822
2,-98.74,38.38,0.601005685282871,0.299040237441659
4,-98.06,39.22,0.158482398372144,0.523716322146356
5,-95.98,39.22,0.837030043127015,0.196906906552613
4,-96.18,41.7,0.197253925725818,0.159851221134886
5,-97.7,40.18,0.56842500041239,0.379336978308856
3,-98.98,41.7,0.890231888741255,0.189598489087075
7,-95.9,39.86,0.131727646337822,0.652997052529827
6,-97.38,40.58,0.221941925119609,0.410984045127407
6,-98.58,41.26,0.828119119396433,0.317897183354944
6,-95.42,38.78,0.314986751647666,0.275557775748894
3,-98.1,40.58,0.953777993097901,0.64110006368719
2,-95.1,39.86,0.954014454036951,0.997404658934101
6,-98.1,39.38,0.798891093349084,0.286391831701621
0,-97.74,41.58,0.241784483194351,0.77716281847097
6,-98.1,40.9,0.734734969912097,0.0827794228680432
5,-95.9,41.62,0.195202161325142,0.406680245650932
6,-97.9,40.38,0.455087676877156,0.649958551861346
6,-98.14,40.58,0.0298175581265241,0.90627711894922
8,-96.18,39.74,0.685139413923025,0.291964177275077
10,-95.7,38.5,0.647601837525144,0.149738590698689
4,-95.46,38.86,0.504924305016175,0.351907934527844
5,-95.5,40.38,0.851685452740639,0.491752221947536
5,-96.98,38.06,0.384865382220596,0.551276437938213
6,-96.54,41.02,0.0309249858837575,0.89677400002256
8,-97.66,41.26,0.281006515957415,0.209957693004981
4,-97.22,38.98,0.99115855852142,0.983522434718907
3,-96.94,41.82,0.635077329818159,0.77335814316757
4,-96.22,41.3,0.47752281348221,0.481103407684714
10,-97.5,39.98,0.709083474474028,0.766353692859411
4,-98.34,40.46,0.424232106190175,0.0587214305996895
4,-95.62,38.98,0.0545656210742891,0.226065784925595
5,-98.9,41.94,0.773494086228311,0.436936240410432
5,-95.3,40.34,0.276176267536357,0.594762642867863
5,-97.78,41.62,0.218821612885222,0.375048937741667
1,-95.06,40.34,0.8616136694327,0.164068986894563
11,-95.94,38.58,0.174932059599087,0.262696648715064
6,-98.78,39.98,0.164712010882795,0.598983609816059
6,-98.18,41.1,0.214296709978953,0.706428142730147
9,-98.18,38.58,0.872110935626552,0.778276018099859
13,-97.42,41.46,0.886637133080512,0.232122731627896
4,-95.58,40.5,0.962134392699227,0.695217897649854
3,-96.94,39.74,0.348137569613755,0.503626081859693
6,-95.54,38.66,0.674421527655795,0.118185760919005
4,-98.3,38.58,0.977149248123169,0.630607329308987
4,-96.42,41.74,0.181509297341108,0.665433685528114
4,-98.78,38.5,0.473777435719967,0.570769355632365
9,-96.66,40.14,0.368533515138552,0.389897503890097
7,-98.82,39.62,0.534926088526845,0.0655607837252319
7,-98.66,40.94,0.593369819456711,0.61898436024785
3,-95.7,40.5,0.240661263465881,0.310807754285634
6,-98.42,40.7,0.469738381449133,0.833012314513326
4,-97.26,40.86,0.277998589212075,0.0596152546349913
4,-98.66,38.46,0.261072634719312,0.0231687510386109
2,-96.02,40.86,0.810163129121065,0.882385571487248
6,-97.22,39.82,0.35452588275075,0.0437131237704307
1,-95.66,38.7,0.100921826669946,0.631116251694039
7,-98.66,39.7,0.925361540168524,0.347907497314736
6,-98.18,40.94,0.772045665653422,0.785184228792787
5,-98.06,41.14,0.303259673528373,0.490427751792595
3,-95.3,39.26,0.622294241795316,0.343652718467638
8,-96.7,39.38,0.730818585725501,0.955486960243434
8,-96.3,38.58,0.114821644034237,0.388882493134588
7,-98.62,40.82,0.894725329708308,0.762413733638823
11,-95.66,39.5,0.350143910385668,0.318652254063636
7,-95.02,40.86,0.376063209027052,0.606473528780043
2,-96.78,39.14,0.212389802793041,0.327920881798491
5,-96.46,38.42,0.42117438884452,0.00722133461385965
14,-97.54,39.82,0.904056967701763,0.578581823268905
7,-95.82,39.94,0.309824087424204,0.752210216131061
7,-97.5,41.3,0.0785270740743726,0.569423506269231
8,-96.22,38.1,0.518328638747334,0.94441971485503
6,-98.1,39.58,0.273349207825959,0.251344228861853
5,-95.18,40.38,0.415103665087372,0.224944872781634
7,-97.14,41.3,0.285162084270269,0.473785061156377
7,-97.18,41.22,0.896738779498264,0.918839475372806
4,-97.34,39.42,0.00798938190564513,0.818233776139095
4,-97.5,41.78,0.106913727708161,0.790523547679186
6,-97.22,38.66,0.581934704678133,0.0385104326996952
4,-98.22,38.26,0.345871038036421,0.31947126891464
4,-98.82,39.06,0.845442979596555,0.232467574067414
8,-97.26,40.7,0.716791350161657,0.906674770405516
9,-97.62,41.78,0.773276626830921,0.891279487172142
4,-96.42,40.58,0.909307492198423,0.35104609769769
5,-97.66,38.74,0.988167038420215,0.353035528911278
3,-97.82,38.14,0.282282242784277,0.312060057418421
2,-97.82,39.02,0.39170570904389,0.209251711610705
4,-95.38,38.5,0.629016771214083,0.723838917911053
6,-97.42,39.02,0.593382967403159,0.984379657078534
7,-96.5,40.94,0.825826982036233,0.783444708446041
2,-98.3,40.98,0.345880473265424,0.634611806832254
8,-96.94,40.66,0.356579902581871,0.0225782110355794
10,-97.1,39.26,0.151963206473738,0.026406058575958
4,-97.62,41.46,0.963584457989782,0.794396974612027
2,-96.42,41.82,0.532288523158059,0.0371469436213374
7,-97.3,38.22,0.575727554736659,0.274772611446679
5,-97.74,39.42,0.872896681539714,0.577455725520849
6,-97.82,40.46,0.773701888741925,0.684790205676109
5,-96.3,40.02,0.238816079217941,0.346315610455349
6,-96.74,41.66,0.815459235105664,0.610184569377452
5,-96.74,38.58,0.541676866589114,0.727090636733919
6,-98.86,41.42,0.0765182659961283,0.683019302552566
9,-98.3,39.38,0.494775980943814,0.610799189424142
1,-95.86,41.18,0.954794160556048,0.13635333115235
6,-96.9,38.66,0.341280270367861,0.965533466078341
3,-95.14,38.7,0.322703366633505,0.525942026870325
7,-97.58,41.58,0.401013994589448,0.039982337737456
9,-97.06,41.78,0.821116206701845,0.399299956159666
6,-97.98,38.86,0.141754374839365,0.53613827121444
10,-98.78,39.9,0.308318645926192,0.527904693037271
9,-97.46,38.66,0.208612194983289,0.853597755078226
5,-95.82,40.58,0.988159674219787,0.970230892766267
5,-96.34,38.58,0.500631930539384,0.906427185516804
3,-98.66,41.3,0.894067937741056,0.719625144498423
5,-96.3,40.74,0.346335720503703,0.535148620372638
2,-95.22,38.74,0.694575406378135,0.416558290598914
2,-95.5,39.22,0.964535283623263,0.745178243378177
9,-98.7,41.54,0.270852871472016,0.138352534268051
6,-98.86,39.5,0.886176947504282,0.192338573280722
4,-98.62,41.7,0.197334581753239,0.0323327633086592
5,-95.38,40.54,0.270680216606706,0.837327558780089
5,-97.18,39.02,0.132254211232066,0.478007272817194
2,-97.3,40.22,0.85136097879149,0.869245059555396
6,-95.18,41.66,0.964161361102015,0.571945189265534
14,-97.98,39.26,0.480238358024508,0.292162641650066
5,-98.66,40.34,0.118636059109122,0.199031767435372
2,-96.58,39.54,0.344901417382061,0.902978333178908
6,-96.14,41.86,0.363004819257185,0.627264936920255
9,-95.9,41.54,0.46035522245802,0.0789366972167045
12,-95.7,38.18,0.183131660567597,0.00627655582502484
2,-95.42,41.54,0.804939722875133,0.372963903471828
9,-97.02,41.5,0.246153822634369,0.11739492835477
3,-98.94,38.82,0.999343007802963,0.858533035498112
9,-95.02,40.7,0.790148814674467,0.971897819312289
4,-95.02,38.22,0.833506329450756,0.441044964594766
0,-96.06,38.54,0.244471344631165,0.55653515830636
3,-95.26,39.54,0.922093380941078,0.55338598228991
6,-97.66,40.78,0.761137218913063,0.414027318591252
3,-95.58,41.18,0.115203966153786,0.259448701981455
7,-95.1,40.66,0.4658888715785,0.465787454508245
4,-97.7,38.98,0.684643527958542,0.532130835810676
3,-97.98,39.54,0.399745602859184,0.892386289779097
5,-96.46,40.46,0.204134928062558,0.381093284348026
15,-98.3,41.1,0.199624369386584,0.0141000999137759
4,-97.26,38.18,0.113774039782584,0.947415402857587
5,-95.06,40.54,0.0591797574888915,0.953675973694772
1,-97.42,40.74,0.120105397189036,0.936741389101371
4,-97.74,38.78,0.0949160873424262,0.351989941671491
7,-96.42,40.9,0.935908263316378,0.0613795942626894
10,-97.18,41.3,0.114093539305031,0.0734532289206982
6,-97.78,39.34,0.49091056198813,0.55658545345068
7,-96.66,41.22,0.741133954608813,0.98847943241708
1,-98.66,39.42,0.799166333628818,0.247520612319931
5,-96.74,39.18,0.352293799631298,0.718663212144747
6,-96.82,40.62,0.175452439347282,0.962308310903609
6,-97.5,38.1,0.550650771707296,0.957228912971914
8,-95.58,40.86,0.275044091278687,0.79729888541624
13,-98.54,38.58,0.0922972783446312,0.735067995730788
3,-97.22,39.86,0.869462313130498,0.518180148908868
2,-95.98,41.9,0.825781406834722,0.956699876813218
7,-98.18,39.9,0.361577961361036,0.598888661945239
10,-97.7,41.02,0.45034696534276,0.443911256734282
14,-96.82,38.86,0.876194586977363,0.336396309314296
3,-98.22,39.22,0.467897357651964,0.481773763429374
3,-96.98,40.14,0.877843257039785,0.448665124829859
8,-97.14,40.5,0.111744198482484,0.712383105652407
6,-97.9,38.9,0.98729644343257,0.0669472538866103
2,-95.5,39.78,0.161513017490506,0.688873181818053
8,-98.74,41.3,0.953707945998758,0.33491196972318
9,-95.06,40.14,0.565351553959772,0.166632380336523
10,-98.54,40.82,0.226930506527424,0.238897758768871
6,-97.26,41.98,0.291072899941355,0.344753272132948
13,-98.98,38.98,0.845616894075647,0.801480899564922
8,-97.82,39.82,0.358274039579555,0.201752773718908
2,-98.94,38.9,0.436930355150253,0.767822105903178
9,-96.5,39.02,0.737151495181024,0.305861635366455
7,-97.9,39.86,0.637092850636691,0.755539500387385
5,-95.78,40.18,0.671710359165445,0.174516601487994
3,-98.62,40.3,0.594158973312005,0.205969905480742
12,-96.46,38.58,0.935174449812621,0.786841499153525
2,-96.74,39.62,0.684560177847743,0.0650851868558675
3,-97.34,41.26,0.394383411854506,0.241598752094433
7,-97.34,38.86,0.212160911643878,0.661547686671838
6,-98.3,41.58,0.774325212929398,0.835032353177667
8,-95.18,38.26,0.729227836243808,0.495758961653337
2,-95.02,39.7,0.638030271511525,0.0553268045186996
6,-96.14,41.74,0.492422927636653,0.586680438369513
9,-97.98,40.42,0.846590101020411,0.403268857859075
8,-97.54,38.22,0.613699929555878,0.670953035354614
5,-97.86,39.18,0.22878126683645,0.934774389956146
3,-98.26,38.94,0.792159004602581,0.806380580179393
1,-97.9,41.14,0.710310861701146,0.00460416078567505
2,-97.1,40.06,0.775060694664717,0.523938675643876
5,-98.42,39.54,0.860069689340889,0.845188939245418
6,-95.46,39.58,0.414749753894284,0.577073449967429
10,-96.58,38.02,0.171111154602841,0.808392603415996
12,-98.9,38.46,0.810589282074943,0.210892379283905
3,-98.74,40.86,0.67966168676503,0.575700156157836
5,-95.02,41.58,0.168070476269349,0.698836273746565
7,-96.54,39.78,0.822400139877573,0.871550690149888
1,-95.46,41.26,0.677411461481825,0.894982625730336
2,-98.74,38.38,0.601005685282871,0.911442763404921
5,-98.06,39.22,0.158482398372144,0.179671618621796
5,-95.98,39.22,0.837030043127015,0.527706475695595
5,-96.18,41.7,0.197253925725818,0.11895817774348
3,-97.7,40.18,0.56842500041239,0.956259579630569
3,-98.98,41.7,0.890231888741255,0.158689077943563
6,-95.9,39.86,0.131727646337822,0.394115301081911
6,-97.38,40.58,0.221941925119609,0.009638064308092
5,-98.58,41.26,0.828119119396433,0.789232621900737
4,-95.42,38.78,0.314986751647666,0.56176974484697
3,-98.1,40.58,0.953777993097901,0.307458035647869
2,-95.1,39.86,0.954014454036951,0.719568792497739
6,-98.1,39.38,0.798891093349084,0.896871628938243
0,-97.74,41.58,0.241784483194351,0.788655329030007
6,-98.1,40.9,0.734734969912097,0.125452980399132
4,-95.9,41.62,0.195202161325142,0.709779523080215
8,-97.9,40.38,0.455087676877156,0.260570905636996
5,-98.14,40.58,0.0298175581265241,0.226161865750328
8,-96.18,39.74,0.685139413923025,0.421293053077534
10,-95.7,38.5,0.647601837525144,0.827756153885275
4,-95.46,38.86,0.504924305016175,0.562374901259318
5,-95.5,40.38,0.851685452740639,0.0458797456230968
6,-96.98,38.06,0.384865382220596,0.842722486471757
4,-96.54,41.02,0.0309249858837575,0.732197837205604
10,-97.66,41.26,0.281006515957415,0.839020897401497
4,-97.22,38.98,0.99115855852142,0.419629046693444
3,-96.94,41.82,0.635077329818159,0.78583627496846
5,-96.22,41.3,0.47752281348221,0.0880495323799551
9,-97.5,39.98,0.709083474474028,0.211516103241593
4,-98.34,40.46,0.424232106190175,0.0148632375057787
3,-95.62,38.98,0.0545656210742891,0.186743272468448
5,-98.9,41.94,0.773494086228311,0.773099577287212
6,-95.3,40.34,0.276176267536357,0.612577520543709
5,-97.78,41.62,0.218821612885222,0.17506724409759
1,-95.06,40.34,0.8616136694327,0.388301789527759
11,-95.94,38.58,0.174932059599087,0.596124806907028
6,-98.78,39.98,0.164712010882795,0.687012721784413
5,-98.18,41.1,0.214296709978953,0.084930491168052
9,-98.18,38.58,0.872110935626552,0.405158944893628
13,-97.42,41.46,0.886637133080512,0.650254408828914
4,-95.58,40.5,0.962134392699227,0.650360569125041
3,-96.94,39.74,0.348137569613755,0.436762982048094
6,-95.54,38.66,0.674421527655795,0.753358601592481
4,-98.3,38.58,0.977149248123169,0.220828084507957
2,-96.42,41.74,0.181509297341108,0.739595646969974
4,-98.78,38.5,0.473777435719967,0.684349471470341
8,-96.66,40.14,0.368533515138552,0.272270224057138
6,-98.82,39.62,0.534926088526845,0.181086839642376
6,-98.66,40.94,0.593369819456711,0.341625641332939
3,-95.7,40.5,0.240661263465881,0.756324066780508
6,-98.42,40.7,0.469738381449133,0.97570587345399
4,-97.26,40.86,0.277998589212075,0.1231799707748
4,-98.66,38.46,0.261072634719312,0.493541542440653
2,-96.02,40.86,0.810163129121065,0.53899507294409
6,-97.22,39.82,0.35452588275075,0.345953629817814
2,-95.66,38.7,0.100921826669946,0.476584553252906
7,-98.66,39.7,0.925361540168524,0.707073244964704
6,-98.18,40.94,0.772045665653422,0.779023521114141
2,-98.06,41.14,0.303259673528373,0.720788749633357
3,-95.3,39.26,0.622294241795316,0.0468332308810204
8,-96.7,39.38,0.730818585725501,0.839324227999896
7,-96.3,38.58,0.114821644034237,0.752686565509066
7,-98.62,40.82,0.894725329708308,0.870208627544343
10,-95.66,39.5,0.350143910385668,0.519353681243956
8,-95.02,40.86,0.376063209027052,0.950763042783365
4,-96.78,39.14,0.212389802793041,0.941445117117837
5,-96.46,38.42,0.42117438884452,0.536140935961157
14,-97.54,39.82,0.904056967701763,0.932706511579454
9,-95.82,39.94,0.309824087424204,0.816500805551186
7,-97.5,41.3,0.0785270740743726,0.0544546088203788
8,-96.22,38.1,0.518328638747334,0.137081606779248
6,-98.1,39.58,0.273349207825959,0.859584677033126
5,-95.18,40.38,0.415103665087372,0.126802035374567
7,-97.14,41.3,0.285162084270269,0.357774638570845
7,-97.18,41.22,0.896738779498264,0.172843592008576
4,-97.34,39.42,0.00798938190564513,0.733173606684431
3,-97.5,41.78,0.106913727708161,0.144624973880127
7,-97.22,38.66,0.581934704678133,0.176701164338738
4,-98.22,38.26,0.345871038036421,0.766412332188338
4,-98.82,39.06,0.845442979596555,0.942366265458986
8,-97.26,40.7,0.716791350161657,0.989154389128089
9,-97.62,41.78,0.773276626830921,0.633217742433771
4,-96.42,40.58,0.909307492198423,0.569850258994848
5,-97.66,38.74,0.988167038420215,0.931350383209065
2,-97.82,38.14,0.282282242784277,0.0305957801174372
2,-97.82,39.02,0.39170570904389,0.313625750364736
5,-95.38,38.5,0.629016771214083,0.943611026974395
6,-97.42,39.02,0.593382967403159,0.854290426941589
7,-96.5,40.94,0.825826982036233,0.610708498861641
1,-98.3,40.98,0.345880473265424,0.151586781255901
8,-96.94,40.66,0.356579902581871,0.330999329918995
10,-97.1,39.26,0.151963206473738,0.77996222442016
3,-97.62,41.46,0.963584457989782,0.490599367534742
2,-96.42,41.82,0.532288523158059,0.408598971087486
7,-97.3,38.22,0.575727554736659,0.114386413479224
5,-97.74,39.42,0.872896681539714,0.245371834142134
6,-97.82,40.46,0.773701888741925,0.192562973825261
6,-96.3,40.02,0.238816079217941,0.672943490324542
6,-96.74,41.66,0.815459235105664,0.183906176360324
6,-96.74,38.58,0.541676866589114,0.563219181727618
7,-98.86,41.42,0.0765182659961283,0.987364728469402
8,-98.3,39.38,0.494775980943814,0.356038270518184
1,-95.86,41.18,0.954794160556048,0.99478922621347
5,-96.9,38.66,0.341280270367861,0.373535734368488
4,-95.14,38.7,0.322703366633505,0.695023923879489
6,-97.58,41.58,0.401013994589448,0.518626641016454
9,-97.06,41.78,0.821116206701845,0.00966398674063385
6,-97.98,38.86,0.141754374839365,0.742071860935539
10,-98.78,39.9,0.308318645926192,0.702143643284217
9,-97.46,38.66,0.208612194983289,0.0819944774266332
5,-95.82,40.58,0.988159674219787,0.92974582943134
4,-96.34,38.58,0.500631930539384,0.61950595327653
3,-98.66,41.3,0.894067937741056,0.597513130167499
4,-96.3,40.74,0.346335720503703,0.642423526151106
2,-95.22,38.74,0.694575406378135,0.0427933777682483
2,-95.5,39.22,0.964535283623263,0.285016168607399
8,-98.7,41.54,0.270852871472016,0.358060842612758
6,-98.86,39.5,0.886176947504282,0.419328903546557
4,-98.62,41.7,0.197334581753239,0.864298867294565
6,-95.38,40.54,0.270680216606706,0.312569656409323
6,-97.18,39.02,0.132254211232066,0.539284345461056
1,-97.3,40.22,0.85136097879149,0.566159083740786
6,-95.18,41.66,0.964161361102015,0.228903204202652
14,-97.98,39.26,0.480238358024508,0.138386051403359
5,-98.66,40.34,0.118636059109122,0.0786176794208586
2,-96.58,39.54,0.344901417382061,0.754344237735495
5,-96.14,41.86,0.363004819257185,0.677545670187101
9,-95.9,41.54,0.46035522245802,0.494160033995286
12,-95.7,38.18,0.183131660567597,0.311767130624503
2,-95.42,41.54,0.804939722875133,0.482195746619254
9,-97.02,41.5,0.246153822634369,0.0121673624962568
3,-98.94,38.82,0.999343007802963,0.795370055129752
9,-95.02,40.7,0.790148814674467,0.389894061023369
4,-95.02,38.22,0.833506329450756,0.863643495598808
0,-96.06,38.54,0.244471344631165,0.378927391488105
3,-95.26,39.54,0.922093380941078,0.361107656732202
6,-97.66,40.78,0.761137218913063,0.407847499940544
5,-95.58,41.18,0.115203966153786,0.998647465137765
8,-95.1,40.66,0.4658888715785,0.471525981090963
4,-97.7,38.98,0.684643527958542,0.114030277123675
3,-97.98,39.54,0.399745602859184,0.188741646474227
3,-96.46,40.46,0.204134928062558,0.577204215573147
14,-98.3,41.1,0.199624369386584,0.882693991763517
3,-97.26,38.18,0.113774039782584,0.849555673543364
9,-95.06,40.54,0.0591797574888915,0.157635123934597
5,-97.42,40.74,0.120105397189036,0.352077416842803
6,-97.74,38.78,0.0949160873424262,0.949046889087185
8,-96.42,40.9,0.935908263316378,0.559673011768609
6,-97.18,41.3,0.114093539305031,0.988286334555596
6,-97.78,39.34,0.49091056198813,0.640478948364034
7,-96.66,41.22,0.741133954608813,0.120661742053926
1,-98.66,39.42,0.799166333628818,0.0651942430995405
5,-96.74,39.18,0.352293799631298,0.588594923960045
7,-96.82,40.62,0.175452439347282,0.838018122361973
6,-97.5,38.1,0.550650771707296,0.610471900785342
10,-95.58,40.86,0.275044091278687,0.591625416185707
